repeated_times,Accuracy,Precision,Recall,F1
30,0.4414728682170543,0.171542630986301,0.9733333333333334,0.2906358816118028
